timestamp,image_filename,prompt,completion,hazard_tag
2025-04-21T00:24:53.138509,uploaded_image.png,Analyze the attached driving scene image and suggest what action should be taken.,"The image shows a congested intersection with numerous pedestrians and motorcyclists.  A pedestrian crossing sign is visible. The driver's view is obstructed, and there's potential for collision.

The immediate action should be:

**1. Slow down significantly and prepare to stop completely.**  The situation is highly unpredictable.  There are pedestrians and vehicles moving in various directions, some seemingly ignoring traffic rules.

**2. Scan thoroughly:**  Before proceeding, carefully scan the entire intersection for movement. Pay close attention to pedestrians who might suddenly step out.  Do not rely solely on what's directly in front;  check mirrors and peripheral vision for unexpected activity.


**3. Proceed with extreme caution (if at all):** Only proceed through the intersection if it's completely safe to do so.  If there's any doubt, it's safer to wait until the intersection clears.  Honking might help alert others to your presence, but it's not a reliable safety measure.

**In short:** The priority is preventing a collision.  Stopping and waiting for a clearer path is the most responsible course of action.
",Yes
2025-04-21T00:45:05.916767,uploaded_image.png,Analyze the attached driving scene image and suggest what action should be taken.,"That's a very chaotic and dangerous driving scene.  The driver needs to take immediate and decisive action to avoid a collision:

**Immediate Action:**

1. **Brake gently but firmly:**  The driver should begin braking immediately and smoothly to reduce speed.  Hard braking could cause a loss of control, especially with the proximity of other vehicles and pedestrians.

2. **Maintain a safe following distance:** Increase the distance from the vehicles ahead to allow for more reaction time.

3. **Stay alert and scan the environment:** Continuously monitor the movements of all vehicles, motorcycles, and pedestrians. Pay close attention to the pedestrians crossing or about to cross the road.

4. **Be prepared to maneuver:**  The driver should be ready to steer slightly to the left or right to avoid any sudden movements from other road users.

5. **Honk if necessary:** If a pedestrian or vehicle poses an immediate threat, a short, sharp honk could alert them to the driver's presence.  However, overuse of the horn is generally not advised.

**Longer-Term Consideration:**

The scene depicts a high-risk driving environment.  The driver should:

* **Avoid this route if possible:** If this is a regular route, consider finding an alternative route with less congestion and pedestrian traffic.
* **Increase vigilance in similar situations:**  Be extra cautious in areas with high pedestrian traffic and chaotic road conditions.
* **Drive defensively:**  Always anticipate unpredictable actions from other road users and be prepared to react.

In short, the primary action is **slow down and stay alert**.  This scene demands cautious and defensive driving.
",Yes
2025-04-21T00:50:28.112274,uploaded_image.png,Analyze the attached driving scene image and suggest what action should be taken.,"The image shows a busy and chaotic intersection with many motorbikes and pedestrians.  The driver's view is obstructed somewhat by the vehicles ahead.  A pedestrian crossing sign is visible, indicating a crossing point for pedestrians.

The action that should be taken is **to slow down significantly and proceed with extreme caution.**  Here's why:

* **Pedestrians:**  There are numerous pedestrians in the intersection, some seemingly crossing without looking for traffic. The driver must be prepared to stop suddenly to avoid hitting someone.

* **Motorbikes:**  Motorbikes are weaving through the traffic and are unpredictable in their movements. Maintaining a safe following distance is crucial, but given the crowd,  the driver may need to completely stop if necessary.

* **Obstructed View:** The driver's visibility is limited by the vehicles and people directly ahead. This necessitates extra caution to anticipate unforeseen events.

* **Pedestrian Crossing:** The presence of the pedestrian crossing sign demands even more attention and alertness. The driver needs to yield to any pedestrians using the crossing.

In short, the immediate action is to **reduce speed drastically and be prepared to stop completely to avoid a collision.** The situation requires defensive driving techniques to protect both the driver and other road users.
",Yes
